x,y,class
87.39871269595703,11.513896313853135,white
47.7993336470414,13.226581481863464,black
69.09112675688655,7.821623321051918,white
93.04021292993264,55.86570863530663,black
80.8311048783283,90.30316036177548,black
84.86688798814313,2.70686487958105,white
84.81168285624787,93.93578364248077,black
30.72896545090993,18.203648305742114,black
0.7070218157911312,91.42198876522025,white
41.216333946867344,87.87366652620362,white
75.81014117262092,47.77207216259828,white
86.39043518167068,63.16618559889805,black
70.88688195216841,97.00774322981557,black
14.585392676014086,95.4632853154602,white
60.02842747552113,66.64866360705513,black
0.06562936592748869,89.60447062666951,white
61.05908917969789,57.962316451370434,black
13.800274898252873,22.89532874154594,black
65.99250834605608,3.7582690037501587,white
34.08411065931979,12.693015467750946,black
69.78541924057386,97.17533887901563,black
50.231672534587844,21.132019125119495,white
4.323736508319453,81.93194751841759,white
26.464117701522273,63.517457137151865,white
63.57630748452434,19.205412561104506,white
38.48505511336568,1.662931777893073,black
14.984090687804075,99.41040582400439,white
92.88231401176407,94.06256390020268,black
40.58621367861266,67.43440998148476,white
28.689289935183737,74.1829682541122,white
98.14331548867085,34.76893457443515,white
38.093493721699915,14.469806660227425,black
5.589691180253375,43.830039209662196,black
20.535658438453417,11.170251668760155,black
22.830478746519887,4.993598004267541,black
24.161368715386565,68.05675126812936,white
95.40338329512598,50.553997815122365,black
48.270052663176855,29.10127304121275,black
45.16181491771769,52.28420643931074,white
59.89483486053226,43.4625879697084,white
53.74848840380929,5.844144352355373,white
13.352122930717346,42.24410796858026,black
97.30585917431091,40.782328585485736,white
0.4650542593488738,72.88636380532206,white
7.963885086537914,6.366324349768149,black
29.674735150023945,84.4331037408756,white
22.385981150473487,19.060124568843705,black
11.85296990870659,33.180576006495066,black
41.688260721798365,58.33896967848005,white
64.72179559680892,52.19129448474417,black
65.07815978151457,22.865785270477247,white
47.2423351573754,15.80090639584334,black
22.293639719181456,83.26707437177205,white
88.8024009304201,71.0376231381687,black
88.36247931178303,52.89074160647935,black
68.07050928292662,99.17515528393741,black
90.05394926108647,73.14345151484055,black
0.8206593319441846,91.10558908257885,white
54.74381012028815,49.036626604382384,white
62.111054995072955,2.6053827302650934,white
36.55585732624714,71.9117364876023,white
36.58331238802776,17.757510466433736,black
52.136850837548906,14.807408369189101,white
58.686496929433076,52.82894712616276,black
57.58943250137803,53.923152010436795,black
69.49288065317123,30.878042617173318,white
46.276149604541416,34.9159371049689,black
62.614240283594214,82.69188223703108,black
59.427731557066984,7.995443452736229,white
24.128410055387494,55.515020260782485,white
88.23644374374807,41.10525860159677,white
95.55764536230096,74.11334523799476,black
11.406459808606616,42.109763765952856,black
38.34671222589341,33.01435780311161,black
39.650449011769304,78.64088260823718,white
38.82026205999166,21.147480396874275,black
57.43595927104577,37.961482941898,white
91.42302586777997,62.96760444108006,black
48.82109868769704,99.76479121706278,white
97.2326871882149,64.2686817075011,black
84.55955290178788,40.84982932043023,white
27.16048522021186,79.69462981345835,white
40.9595695397941,94.70986478834315,white
47.64080171085476,82.12103261476193,white
35.68416777798209,45.919697235807654,black
34.57787078106014,5.77942841160074,black
97.29862231962242,77.60070375238885,black
68.4696770295975,19.626923243529713,white
30.58264224941344,50.207016138055984,white
87.27359317647601,36.26990621330124,white
19.01249480651358,98.23882160763557,white
5.756266976108626,98.00687935408024,white
90.97216141636756,89.5783392397113,black
61.80736894508908,52.81501847626491,black
39.75663093945461,20.417730933767874,black
5.788474496405282,63.64209899095776,white
62.83615787839595,26.883460785239453,white
61.29512016745981,45.87193722693862,white
71.86507642083359,55.10753782379547,black
18.888474257088305,16.704861398846106,black
66.51683382887235,2.9470527065520224,white
14.010160692359207,64.07744018234828,white
29.465084251313833,69.43380219352741,white
33.73014881945428,57.55191022945697,white
67.21190994151699,1.0269505365261833,white
72.71975576787058,16.64336077666162,white
26.50443190360474,72.3273100657199,white
92.07190597283095,88.78675273671698,black
64.1928548159949,64.3050765159704,black
21.270818081880584,60.14730663633833,white
25.511397033646364,4.674149869265232,black
12.001667056044141,7.346855019853127,black
18.00975388073217,8.158039190921606,black
60.558141389036535,89.3813974745021,black
12.692060892109625,38.59998544608948,black
85.24483598168561,56.98838660777367,black
56.84542439144887,93.97988703737458,black
59.25154513011368,97.57807445436913,black
96.90505029745185,63.02864810671976,black
81.78842860158377,62.87523935755106,black
84.72172430470518,71.8851065777464,black
88.17383554663056,47.692042186455396,white
49.55059827771366,15.999066381547555,black
24.309548323021566,78.89325951777217,white
67.1975878127204,15.351431714848596,white
57.23383226616515,97.81210535673024,black
54.19022765023627,17.009974122276507,white
51.50533174941345,76.14829572384384,black
83.32613629515274,40.95984841047111,white
55.13719742799381,0.04854601994469521,white
82.68399742619512,48.038320549559074,white
89.84126542095554,82.15922001393828,black
4.85521086043531,93.77177499837896,white
93.06969241419979,11.88747225230442,white
30.909225614577974,4.088461365790053,black
13.015817624550596,63.449580364650856,white
47.55957449988488,2.0725871705136734,black
34.84114160991217,98.82996928955588,white
95.21925069555328,78.45214799123492,black
38.714337316054134,19.476630039591857,black
54.207508014657655,15.357463060715283,white
81.74021424042627,14.473621769416024,white
20.90781197733673,3.0983039318857486,black
5.493732547968245,18.191393321264115,black
40.65832495253293,93.55487735119601,white
59.6752225266021,31.20286356403953,white
62.11504804730219,0.5340411086633967,white
2.2106401928073893,53.61424683030869,white
21.787232206761498,43.14937235976263,black
12.689680905151612,64.13348787544399,white
39.09208871274986,39.313332636487864,black
55.25589126359412,96.5753067514101,black
43.2141166070815,15.7594614725865,black
50.01534382950899,9.075522692122862,white
42.827377519419244,68.57351325303115,white
69.75361998900115,37.94332988979444,white
29.29285543390924,75.96524586258599,white
85.84463896250185,5.142119843798431,white
66.33374636004865,74.75261965577499,black
83.57787218057686,11.218655384643917,white
63.90841667805318,34.54318353966216,white
51.03001507345015,14.950467648284338,white
92.8824478319346,48.589332630158374,white
85.2992002442235,27.31472387138708,white
57.900395272888595,29.359922773325643,white
12.320912592172462,93.33434661300673,white
4.2984213328777665,22.5522397908725,black
97.8448327321346,12.80864943707336,white
97.93425090434266,34.748121782931364,white
21.62478283368089,46.67282719728399,black
95.32124211045492,38.446844548949464,white
91.58048713979655,50.73916908713888,black
80.05016897323901,17.0150313357149,white
3.9823035991591316,51.25474277181349,white
9.05456238159874,1.824265934323388,black
44.24588525950508,54.21294029227134,white
3.0103445242815052,64.75615223277921,white
22.207587472625235,49.13088648405113,black
35.00410116039985,66.68903639148692,white
0.6276386513907384,46.96292395161458,black
92.20158250104808,67.77117892487964,black
61.28964353895904,44.50520302175672,white
48.34219626829635,7.096568052873097,black
69.2280313500347,77.291380098264,black
77.45132760877767,42.53904038999538,white
71.47759023060341,15.988488243045317,white
15.362659108366971,40.011540440717255,black
75.5174252828253,91.80079792600625,black
72.36084584378695,3.010933675987737,white
43.43808259504649,21.410520700444835,black
54.929470821681605,35.23392422962052,white
27.076682210176926,44.46811862453552,black
3.6469313389420166,55.38938727709473,white
65.84282622034246,20.654575575675484,white
85.8593643223027,34.68277873010936,white
37.05532723890722,95.6329005735583,white
46.9828337394299,47.06339948489179,black
92.62633056428928,96.93354089643817,black
92.0795717529428,71.30904846609148,black
98.72841910434929,15.618008557665398,white
4.792778754535709,97.22680746920099,white
11.503961339873303,8.3606122311911,black
38.170532130952786,66.34499644609231,white
60.610070788311134,66.87178912056646,black
53.13193513085769,69.41897335213464,black
14.376181396039922,63.09958070623195,white
43.57194865241314,3.9615121269222286,black
44.95043359663518,0.7671146141167262,black
59.24889931096653,80.39023872907985,black
49.64280994233042,52.508279979493736,white
37.064969658426925,74.52125115599577,white
68.89959408202242,45.36734062988261,white
10.82959779863385,8.558830648803673,black
99.4021749190279,65.10376538625144,black
45.59969906317467,10.179141410492798,black
26.21166295242412,93.36483067059007,white
24.617320002664357,29.661702555569224,black
57.85223930160127,71.92682375331826,black
56.29828526301013,26.18959470520973,white
53.004433420915966,99.16388089459495,black
32.81146573698359,58.345445532189764,white
74.4925134618658,4.16576194555457,white
77.46331513307003,3.673975647820804,white
75.66799825177776,30.091853155216608,white
97.0916866462973,35.33250364481978,white
23.48342114315868,96.11033276999346,white
90.05771930329732,97.61856199933663,black
59.169290571461474,90.18552148468356,black
68.99307351116975,69.48474730923824,black
10.894451266478288,71.96818510999987,white
10.723873311197806,21.445809504587043,black
40.65180203695711,70.70079594799942,white
35.8028518579288,61.131319878104186,white
4.996661494269206,95.03654778729629,white
18.912011465977297,12.544016640640265,black
98.37452385932191,25.98980872537314,white
10.237274049483636,26.902809792090498,black
59.17384712391265,37.91165409588936,white
99.92214335871284,94.80575583746223,black
67.61579296912689,42.23119891521452,white
13.55931689693275,96.29497785424323,white
0.7938117386318888,97.09610698058027,white
18.83414063320056,22.331016661986414,black
0.9574905435985492,80.32152387549252,white
69.35305937834227,60.95241890872891,black
66.42081876575111,29.236737370913126,white
61.11057379221316,0.520093879245831,white
75.71824993264791,89.5106081530789,black
12.167007395058416,31.33616280551007,black
54.46616496698658,55.90756406307439,black
52.02720825278948,97.01150458141123,black
64.68925786936398,33.572579904546075,white
66.21533783595972,30.96719305916644,white
1.6856903625256825,64.5011027796281,white
49.82475945537935,26.708090520355277,black
25.840532231916903,74.45023573186229,white
19.10864492019907,32.066564825891675,black
59.20501167409093,56.11262685063211,black
53.55375767286432,99.46483948547441,black
44.18351214360958,96.59534258559346,white
1.2569036658740318,38.33918125988502,black
61.1288899643027,27.6396888657484,white
76.55981761937039,17.76368325037413,white
77.31049208271241,6.512846068923994,white
78.80281279693779,25.5588806769263,white
7.546740702786925,5.302198639077094,black
91.731668724154,73.0820798852004,black
30.991050532700637,20.559444789960935,black
81.29346291448007,12.401319754312912,white
1.591281576655179,21.409270080447317,black
85.63903911846215,19.469741876877823,white
18.838951772715575,55.16603387576128,white
32.23418648197185,75.88643082004106,white
67.78350247612131,62.67126323740874,black
2.9747858159541063,39.16196418237593,black
90.98883270046952,11.00428427058353,white
30.73569730065675,92.06315929517005,white
90.9199569334072,79.48641731225752,black
57.492833941657686,14.27829023678716,white
18.625709460099326,84.66955047718787,white
57.71780173178039,98.55184781178036,black
11.503720027164066,89.16775814029033,white
80.84310278511482,58.578165058160224,black
79.44780264833749,42.72437880601443,white
81.05312127787865,85.53087688054194,black
31.708314230393942,37.72262638481047,black
48.081729199773534,66.0857445292009,white
81.10851535965085,46.26285482468545,white
53.709712218541206,0.9486907042542403,white
24.882760705655716,76.25428431311761,white
88.72354464159301,97.62658252713618,black
9.20723233600298,74.84892735285608,white
93.21076601837389,68.09266680738583,black
65.75818637575784,41.63461300419119,white
15.083092308258927,57.492337171872585,white
95.04323735778884,28.623830771263805,white
65.98460230317853,49.24298319051934,white
44.06979174445754,28.689256394121777,black
75.83567595643547,25.958662503032993,white
6.688536282935475,89.16534298616125,white
72.96142413926444,18.58105559923032,white
49.65095526260479,35.11265619637772,black
13.746242108060047,31.10400037172727,black
92.3458392808801,69.61778051210756,black
15.553616127686487,69.99352308360558,white
3.245051141798172,64.26524968605948,white
38.452676361109624,98.41219990103444,white
66.27328826651305,98.91061653820056,black
51.96134991096032,34.86529228717805,white
37.436937878385834,92.66136569412774,white
93.50407951785672,10.909871828490003,white
66.0843956842102,93.06291603505818,black
31.550223001234723,75.03781338912916,white
91.53636747103852,78.63946534153968,black
56.201893360623366,87.57961870581651,black
13.639262879270674,86.63637389446647,white
55.295718598272614,55.875217437705714,black
67.65581221002618,3.3377948235541077,white
97.2458857041246,27.550402139828535,white
10.714241366068954,50.184130721053435,white
94.01714482717578,48.874341540008615,white
39.232427265015026,41.237370370752224,black
60.91762145079328,94.20038238467573,black
73.6045056591258,97.35392798712053,black
46.404250806335014,24.807755303433865,black
47.22487690758383,87.81654178341873,white
8.237652313888766,70.23528454790655,white
99.4730902765244,5.519666779031551,white
70.06058881828459,8.460698554502876,white
10.034672455630734,88.78745443613062,white
79.84829463120788,59.93348916145378,black
29.862609353455994,98.8659549663052,white
36.48244045772743,60.41727234433115,white
29.215054353391146,72.02187286508433,white
52.125901446209596,64.7664099924191,black
51.62363985507732,60.619804880133756,black
52.654528714168755,72.44794123672911,black
59.776150044074164,63.527156952918304,black
16.85975939458838,29.314447777061392,black
38.08411803070245,23.65336765496111,black
20.508318470380125,12.169485192761265,black
39.02282486966244,73.12790713200508,white
71.21131198686882,35.242653070872954,white
90.5127728087485,89.8114363719531,black
96.7145695442236,50.19178643367853,black
81.73005091686764,1.8253890162698405,white
16.874396938066706,13.443916259681332,black
3.728006872289491,41.0373898407868,black
63.749288929899976,53.327174307816016,black
32.09040735627764,91.02467599551251,white
24.337279579442818,16.025860136653968,black
64.48288930957192,34.7689349351897,white
0.7165420929674204,75.52096269704906,white
96.12101758221671,24.848934771680987,white
92.97668632016797,60.69166408443265,black
80.82050831401217,7.310053255495519,white
57.65291960928718,78.5294547283661,black
72.89212246135818,15.46005360619398,white
7.198931550818077,21.08894703280747,black
26.28528580161347,16.86575761119755,black
9.318680177191697,25.507488024877357,black
27.995362761866293,34.89134186994395,black
22.506269317086947,55.303278303953974,white
19.323728719452337,34.13768598400895,black
64.21593477444632,1.4840924730235239,white
36.059810911994106,51.92679971276698,white
75.9632427060821,80.88717002705891,black
70.22129468735349,86.66900653643135,black
53.55698199612118,60.29295733887688,black
27.44059572920743,11.161036775753407,black
79.23848255920053,68.7912414628958,black
43.926758478165915,82.04148499059593,white
36.41653056368026,30.278453455191123,black
81.56831891050612,13.41318599571657,white
20.73654518519922,82.58379444997738,white
52.264722999657444,78.12466126044684,black
60.494815733021966,92.83043336960537,black
27.747751984880697,67.0537084052024,white
41.99053756791008,73.81637197745967,white
16.59084984574408,79.47335769231093,white
39.018742664755656,30.239444208018007,black
87.84660031548984,78.69773563004223,black
42.67986452310407,89.11835083894061,white
16.457619158048566,16.934329721230924,black
73.27550723694387,51.515666517156056,black
86.41336726947387,39.09411323284312,white
46.146891212286775,13.001550977609877,black
68.01184882588413,52.811298833223816,black
52.22936866592228,63.940144507230315,black
24.165423923120024,68.95616532244844,white
11.277195533310147,28.607550279463346,black
85.55892531619236,44.54776209356412,white
33.771390746381904,99.37517633316106,white
41.949864347470964,27.532675374270877,black
6.787209825403417,46.21806842954489,black
87.96361496861121,79.78321784732498,black
54.42489081473059,36.53634365645303,white
94.40093005373771,63.81228900974427,black
99.49649062252041,82.11043607773345,black
24.115046804800933,33.01496682928195,black
6.882821614254276,32.07454680989509,black
78.6393836421898,63.13306365478295,black
1.7453334294218026,15.389900556836134,black
39.412773410230926,83.24722912309404,white
43.60197440367107,69.66348384028302,white
66.19051929633098,91.36420203725815,black
51.062793927417204,32.92703606353443,white
90.6281530395848,92.60398382314264,black
82.52124952430053,68.9992865656551,black
77.06055587424062,33.94510394647702,white
11.04921198838058,72.44470021965095,white
45.458062501477016,72.82555574545341,white
37.82670402856727,41.15679229043614,black
61.82493060111649,13.21116616409933,white
79.84302019691596,25.689374056450475,white
75.71732099913203,59.651181649847594,black
19.187712320018314,50.50719325331251,white
6.757405533243843,9.166477675482398,black
82.3507988635409,12.746656020206416,white
7.414833901074092,92.28163931747079,white
10.050559281689697,88.69602947720199,white
22.55210007691385,99.01457033199293,white
34.12947113130201,31.23921468845021,black
82.92912009540441,10.45320651067686,white
30.58002611277629,63.90191584172179,white
33.823246592166626,22.515825401873123,black
58.756077453168686,42.28423383375296,white
94.6411337684754,48.441789511664325,white
90.79746802816385,44.631027433081805,white
55.85124393381973,2.8939717210497706,white
57.63876755995342,44.44411796464234,white
52.70233116438676,50.70573406343076,black
99.29195213036535,42.75719175813063,white
98.76543039871568,60.64951850348442,black
43.70930153490774,5.966098450954071,black
20.17418287750381,45.73391411268156,black
30.57973972006981,3.3705115846270672,black
28.005933431770057,53.552405513884516,white
61.22717990654849,19.57427952697176,white
33.89153857764767,58.77678214530978,white
40.93418086881001,94.02667432081215,white
31.296527009222363,48.68990826021387,black
54.397396991812265,75.38748246850217,black
38.82013462842906,46.7234950468046,black
29.13436419384968,42.89398547597488,black
79.81710110526052,51.656991137006955,black
59.52662506583183,33.11614042297184,white
10.594373197521689,85.25100674063907,white
97.53928015822432,28.509862849705904,white
60.58482822490675,53.971488758050626,black
93.29822092025393,52.55939249710045,black
80.81923028849447,70.64185976378965,black
67.67286273053061,76.25460354278057,black
92.95356769120771,91.7520914952075,black
51.938912861601835,68.1099062047989,black
10.712870745952685,21.43249789574292,black
66.57578671295404,12.416270759345682,white
33.029463149979065,12.071365941442401,black
79.30530404036003,52.47522741071552,black
97.21185469790113,91.0323404322975,black
85.74435885289653,74.99782846590593,black
90.29620094081588,78.41605814907565,black
47.10101962186359,63.06017203894725,white
48.52554905293257,99.70243859422976,white
75.10113910088688,63.118804161893536,black
65.8282104598106,2.890564375376359,white
38.79184655153885,14.324663915997803,black
4.9987880264086515,82.79713301412527,white
79.9623314502316,49.563566941791514,white
98.69452841332725,63.01064064759392,black
61.99261850974514,33.32460357040298,white
76.12160773886532,4.270389947918085,white
52.468345165627596,60.08702397619666,black
13.431701420821106,20.23164852492102,black
34.77130129138825,30.45728192280427,black
6.4961650990755455,0.6501856949444829,black
57.963700656678675,68.98991471248091,black
94.4781904200639,47.89829362623298,white
21.374349832444196,86.49616890574919,white
88.61294409647265,54.67385856112625,black
2.5484218600220876,89.39164282091065,white
20.05139033433887,63.67109541552443,white
78.73527152468354,50.25424604899536,black
63.544177468585595,49.07141365309453,white
87.40064109108158,29.207046761699107,white
20.375154982175847,63.2472380359175,white
40.73430803085327,57.73885091945032,white
51.79739175400607,94.27523472375681,black
39.333459085149414,95.25682151596466,white
13.547463805641902,60.9716593292029,white
10.924465847908337,78.9958811971749,white
65.94313640727488,33.82859533098625,white
3.7141035049898963,96.8356694271573,white
23.021239025759964,8.183153006750121,black
2.4766339304523988,95.45047602743252,white
89.79512732593058,67.01316431034112,black
47.67565811122472,5.061780299955354,black
83.64021395288125,40.68510650365563,white
59.32032245238107,87.66793048487058,black
52.709558986222795,6.865783608211795,white
10.090613604151265,30.13940716036132,black
4.127825752427672,21.6085318973972,black
53.41210511822386,46.73537027067074,white
59.93451404395619,19.650051049039153,white
3.079758280929279,72.68839678966708,white
14.135745937996392,20.634204213389097,black
4.693687690678161,44.36861579605167,black
39.50414993330672,34.63764966103602,black
27.461942280015293,37.21470453401419,black
18.4651900575017,13.460220409689782,black
32.785733264990924,23.98110635289322,black
1.0839526295456703,22.584222253266763,black
78.93983598135681,52.257075757672624,black
31.893141194128837,46.347247958182116,black
59.908859938845396,38.38496475728769,white
92.41852394361189,43.32691617169463,white
91.3743001623454,24.283845762507884,white
19.04708712601425,60.31546896443868,white
7.314444245287522,87.32858405965584,white
73.73980016615072,70.2511313799783,black
88.88295210801994,84.23647165744627,black
20.908947089047537,20.607601662412513,black
55.46888616970056,14.91699219366559,white
34.633528012739845,79.02734793676002,white
79.87480525738063,89.08653724004144,black
42.07045356500612,36.947435471106495,black
17.119664257502297,79.3492615135079,white
84.40785534998382,8.69489524492517,white
24.253157074465104,11.627105312388142,black
19.13746741196064,80.62900385309662,white
35.48468754438905,56.46865251831545,white
73.72077146507591,53.974350703899574,black
93.81945472684686,58.321567555524744,black
98.03682320021578,74.44612871368953,black
69.00207218113547,71.3937909085449,black
73.38333198701898,49.59504653006898,white
31.41519909998283,95.04992987528931,white
8.401361395072616,72.83750796934316,white
68.4456407843011,73.93039765482867,black
29.668185844330498,48.359393876689126,black
28.1476942690561,21.406626831674703,black
82.1426366167034,78.35755915692062,black
91.17430071178201,45.59322851063201,white
16.52086857970312,31.36173773515726,black
29.08090732978723,33.07675546473134,black
83.20018275254601,45.33581710469502,white
50.57144905144184,60.66569577826492,black
88.42687328723542,99.46395912722204,black
75.95264816564605,87.37820365577849,black
9.762966497707403,50.88606380853944,white
87.3007254317428,32.43756922179799,white
51.80544187998731,71.67375112923676,black
57.17916107272904,90.10550567124118,black
44.78644127393877,24.19485316480009,black
28.096061679206773,63.796972323407665,white
36.772685741776314,25.392168784143752,black
56.006779713320356,93.47986019198237,black
44.285349405314456,39.26801819039195,black
15.572724333503018,96.54198919661535,white
27.754145704548073,10.949090968528786,black
0.35462363374346717,20.280190969493216,black
74.901850486111,58.21405191504917,black
62.62861168820076,46.56649534727898,white
7.0093849425057915,61.83442208411144,white
14.866803541166485,1.4571743508952517,black
27.113189595024544,35.126799441052,black
66.03417397685253,88.69386513356294,black
58.6000279150511,14.019880919974725,white
34.556118152953744,19.753086143107602,black
85.41237585894504,22.466467563384327,white
24.802592846018634,62.91505312541615,white
82.33432662112563,99.32319106318992,black
67.2811022200498,51.12929653854993,black
78.42462785797612,51.68644775439489,black
52.81011741912707,48.287154047341616,white
34.709232459208785,2.845095062825931,black
55.79078845359964,77.78694699466739,black
10.67495840635061,82.64811908409798,white
50.29730633405659,27.662037900414106,white
76.95135271823237,57.73237151549767,black
66.0001924823298,48.83751242677031,white
39.57388794158244,50.98012727796913,white
94.25113520563542,19.258545858803412,white
82.47849721944864,42.914504642652126,white
83.52019205038147,80.74139831086582,black
98.97097961440325,71.99106946774488,black
92.82600545576796,53.8324528063791,black
90.25317406189812,30.331866408069896,white
56.078325671414966,79.31897482499383,black
92.32961582791766,72.8414568746657,black
27.06584905739374,14.651307751850451,black
77.10611234035102,42.33600547552828,white
83.06939743232252,26.122807956679374,white
31.878703747881687,32.87907065082024,black
70.82948211400763,2.2724374943012937,white
88.78458070778485,5.384743538258984,white
17.560206626709828,82.34572446504464,white
81.67372202381895,86.58731100878396,black
16.531766986525298,13.388181381889975,black
46.139516654662785,23.19433958800903,black
39.66482713591159,45.21527485900102,black
5.049625960926784,57.04004494936521,white
17.617428098609842,63.49488644262854,white
54.94657371534385,38.47405052043261,white
93.27307480596136,47.760957373176375,white
80.84027037098375,46.547147704595524,white
40.14222829389055,90.43494498688494,white
52.67669572576137,30.495320434004057,white
49.94568881780468,53.72785891640453,white
42.05051252640521,59.543865142351684,white
44.8749689409452,4.067662735347854,black
66.14166733436923,10.871418340839266,white
76.05821937380651,85.11034248928362,black
87.07118846215674,0.9126059902884509,white
98.55576100686798,94.22025584543742,black
69.4549561791211,14.580543963218673,white
93.92242203339384,53.77472347466039,black
94.85443161030518,68.9727697610926,black
39.16007670752572,48.63113590757785,black
1.9662170080616326,85.25946453746135,white
62.359387455673385,9.518443659202514,white
45.99818176932978,20.596110266328683,black
20.84639332001288,77.36469633293977,white
70.0806403998295,36.853179337810516,white
77.32939275518305,14.2070425052934,white
21.389015900997286,65.01250268616353,white
36.33926845694846,91.7193330871012,white
29.526470767079584,69.30230355014102,white
39.17261597815259,90.3633137821379,white
4.788197411565031,5.069729369202847,black
76.50762685327645,58.743910554353675,black
85.41335432853651,70.85373718422991,black
81.543608004841,57.04999913992588,black
16.108990350733055,45.47358114767107,black
80.15003455066872,95.55406847607382,black
20.740171758401836,72.63840755215735,white
4.7829326490074315,26.29392927785853,black
3.0368694012504194,21.913543858250918,black
82.40248833143886,1.4613768610391875,white
76.9663726206444,70.77868180610739,black
73.83030080315419,52.16684700557557,black
18.41352120040679,47.146338554677136,black
87.735466244377,66.36031785547189,black
25.111476582342405,67.41078708776836,white
68.74172247883486,95.23378256991435,black
2.4441593049093657,12.450748623133535,black
54.29883637427493,17.863870320969642,white
47.20158655370087,99.83496298350306,white
41.525660769201565,94.19042702601381,white
45.64105276472975,19.76483076147363,black
84.76693510430174,75.57586762975136,black
98.75300816878492,42.10236947844096,white
68.18596540689903,82.0297503422866,black
55.113523079110614,92.36486432048659,black
75.29683892503026,55.713155045089366,black
12.64101915575594,43.764017718233376,black
6.927541514410973,63.95837703723749,white
13.145382646487846,64.15086645406059,white
24.72743685403063,48.059379031163644,black
53.28671198523522,68.3413850034544,black
38.560064367751764,2.616473616613013,black
2.8056546029476603,79.23840924164547,white
33.436397132979245,43.5286457183753,black
25.151152654372478,7.04445685797348,black
65.54522318183677,0.7053029242185427,white
19.630052730969606,39.792731770982925,black
56.64816838699574,87.8508481826534,black
48.52216361340468,43.11389126183577,black
79.3567479192992,82.39257734726809,black
50.179468933288376,12.976868606594838,white
65.24548351367277,31.220744057750306,white
33.28953803684165,54.49527175015949,white
85.59294571752191,99.5874193957622,black
36.533066478431245,97.18126704266548,white
90.54726995974569,5.783760889991729,white
0.05883999143772023,62.89935739785697,white
60.0696622658527,28.104391015400807,white
79.9513514613212,50.00180185675037,black
75.23157640702685,85.03092061548625,black
49.80693261744351,49.41461855300816,black
54.48231675867825,63.72913654988726,black
44.73206906148223,61.07616886582489,white
32.38906011150291,15.852053647389008,black
85.35352853830189,71.73866217046327,black
54.19978551088332,64.94520879959748,black
51.72339689549138,94.13860628310135,black
31.35596617089146,95.64788855259523,white
59.35799138237945,77.17336713954572,black
24.68131791587531,87.5141755066309,white
25.37743724481181,54.806878137961355,white
39.043848701639604,56.5393541606167,white
23.310619160387848,51.73815368328915,white
31.216352351787656,73.46200205356516,white
22.988594492918,43.11560243570332,black
64.50725887297737,32.79915461680919,white
73.19544356563082,43.2802383800589,white
69.63107452213217,92.23553311624497,black
68.51722593326119,1.2128554057859287,white
64.83009380566865,10.658534208522275,white
0.09596080141893726,91.36189235997627,white
71.74091244731561,33.820701537034125,white
22.354665606437905,47.02179063684832,black
17.79687638491768,74.64485177450402,white
60.161995176772685,40.850253776222054,white
98.73455514555324,4.350650950394009,white
74.82575395392655,91.9853309555585,black
11.113902211828952,64.31671984356367,white
41.00698921232843,93.4810461845343,white
2.37466752315465,9.543653422127264,black
85.92995309865606,54.79796685303738,black
96.2050507957247,32.49325477829014,white
40.46376048838849,16.50181249404188,black
72.93160315157571,14.255029193346813,white
31.747891016268206,8.368849303770121,black
78.43939512278484,94.8772865302719,black
67.01915340037813,11.384912975953442,white
46.46646454740446,27.881251755529345,black
26.240291075807033,43.88617448510228,black
79.11442847221598,88.81524542194525,black
19.279230981879493,5.304415090750336,black
79.65072298273519,69.9061421164362,black
31.262143811226306,13.239146259777756,black
93.95537242792128,13.586624010906611,white
56.65254943194603,53.51852559197226,black
55.024494227359966,67.12334561919818,black
71.09263745195136,25.483023994951203,white
1.3666484626060904,6.1069967073695715,black
86.7352759806807,74.64140783352923,black
70.64584096435634,74.43994587063634,black
6.715486502623824,52.81438395269795,white
13.253857174923688,90.93715418502755,white
68.35602453006892,76.69212877191454,black
65.1251241082474,12.035237367084228,white
14.758039631260244,53.86928820305384,white
16.774735985605304,97.84988901203843,white
61.690939869920655,92.54474699026059,black
12.789113281801557,47.555122234737745,black
63.35577138690537,56.68688764708638,black
15.04771556872264,23.310940801167412,black
25.037087957409444,96.92102431543339,white
6.230657728994105,86.47384579271124,white
46.48771061303911,93.95917979123517,white
6.843703654188138,85.90416943703052,white
19.58134751877678,39.55236784672243,black
67.43298332765748,34.95201572297103,white
13.242367090866292,32.71065499945524,black
0.05275430022425587,13.940736086251171,black
2.6750241569408195,94.57286267267276,white
71.18754874597414,22.433396959317697,white
20.558750501543976,97.1646481304731,white
70.83258594556557,12.291272646339968,white
72.39282091090085,40.4316477074809,white
78.49627270553674,43.01532435219444,white
10.924064592497306,99.08958533046214,white
34.32892536317292,79.53730060087597,white
65.03537506136206,88.61279403921112,black
32.32935518735558,82.38002993456183,white
90.1564999400062,12.95503465140172,white
23.09514634853477,11.37244776027081,black
75.34839832130126,64.5176689915315,black
16.84038587205715,83.32447350303917,white
68.44663530407978,64.99636275105694,black
81.79958688742282,87.2192489738003,black
68.35061279604248,39.41914336678405,white
65.3276804380655,72.99775663607248,black
76.52996266944213,32.30066558749765,white
51.09090585982161,18.191445818494557,white
63.31476452934304,92.4810140441075,black
47.80363499697572,81.73146151478919,white
65.14413516927863,51.69309802190616,black
79.2581026480666,48.70380536865698,white
93.86331064056354,6.927655173565217,white
86.75832302392665,81.45867346680286,black
43.39902445569318,53.54011943269833,white
80.06792567821599,1.843702736111652,white
33.046241576937184,40.63827322842008,black
13.050973177474724,56.16949864345106,white
51.327262189311185,21.580042974883938,white
14.153826585082008,3.891844209325268,black
41.610335102868405,29.342670236695,black
11.497718569033232,73.6477964679787,white
29.406261024962898,1.9348956013485519,black
27.79814349057571,94.12399578338893,white
30.95773737415849,99.0061971131987,white
1.9919186072222983,41.58251648625362,black
88.7863477611955,9.608369904451742,white
1.6284367828232282,79.50278905477623,white
51.31030242838831,32.97840423923285,white
73.22472263717123,48.69463670464788,white
69.1662457101509,15.288682025359224,white
64.88160621052513,71.84482004158157,black
62.038703120675635,19.80513846553862,white
95.81715777712395,5.7007858484640295,white
53.997238257861454,94.45372522602491,black
65.81381314628473,60.360676594788345,black
31.921105669045236,12.696229114965252,black
99.34910426955477,99.901199733954,black
54.15242673894851,0.4055570524861274,white
97.78989539825837,67.36376159615779,black
35.48129249811346,41.722662695596156,black
98.51711330065115,91.04704661137744,black
60.953197384464,89.54926116285247,black
55.88987467603723,18.531580017822602,white
94.48214651039304,22.76741537106941,white
3.093397306549328,71.59229101241216,white
83.23120362208924,46.87520920089947,white
57.25562423578441,29.20584022944489,white
52.84799095816574,34.96800089934725,white
77.6210236098449,14.389336647053796,white
20.473355094408408,28.09043455187281,black
76.41551254361244,92.23943943441897,black
31.059110713155047,5.3268525300791625,black
7.160126839185299,63.61510533157222,white
66.04064302603692,85.04149590161634,black
61.01623683416095,17.08372374981293,white
2.3656220426788166,18.088573958785247,black
79.12493121081285,40.965890839712074,white
18.468287279041128,17.970279317284575,black
53.68959381660267,73.22969360717572,black
13.934201583196415,15.752865484657107,black
82.67265703121404,74.66653708046724,black
74.3098179926037,16.027879434835278,white
32.97543875681208,62.153418927573824,white
66.87747524680209,11.472038181669465,white
64.23217733254327,91.27842066610697,black
76.15098029889688,58.25395518126627,black
19.683242837356918,26.50380474216498,black
98.2518429156115,40.74918912568769,white
14.385232363812761,84.93277030968319,white
32.309681824731214,15.623326310133034,black
88.73572476976872,34.78983922098624,white
60.302716287242,22.257783628632232,white
45.25190966892475,1.224084620421484,black
94.22675835479968,13.65107463674402,white
10.678554381738525,95.4755238545438,white
37.1928565015712,61.84691197423834,white
7.303672525392746,39.9813534285075,black
93.79660992750442,43.460924498283745,white
73.67083976866782,33.04682196001345,white
62.72849598809711,93.39826867901726,black
51.444014629859126,52.45961182426208,black
26.281136528851977,11.486905623843146,black
3.8888387882758724,2.5507237428778695,black
78.52190186055633,63.21755698362882,black
95.68248555147031,14.089864273597552,white
13.626152813982618,65.86446185932644,white
68.04770220034185,9.271851128718211,white
24.786554804401217,54.526913780866025,white
42.158084819153366,0.17587208969384038,black
18.864773461823802,16.297217536299545,black
11.489091516899052,37.76966831069936,black
16.25575786907759,56.55734884369655,white
78.80552134589121,26.364392370207458,white
79.37568265765836,2.4291405153180623,white
83.76772990608433,51.73614280086488,black
40.66374269362847,94.93658080174542,white
14.98275138094881,15.722426840862314,black
82.9096839584971,48.99017734967098,white
36.51898306014697,97.32963445176811,white
99.84683006862876,93.81329319914282,black
72.13763935694334,72.38762299673223,black
30.5687865704367,73.63314663542077,white
58.291386548072,64.13201428935777,black
52.4822423000243,83.57809260196233,black
95.8873035874194,75.4391994896474,black
20.84597020717609,8.014127132982141,black
53.474148683797075,0.8521091679536852,white
77.860827515717,5.705456247417084,white
69.42786256408816,28.65336185389792,white
68.25507519873408,95.73379175307852,black
26.26118729477969,17.420124870788534,black
93.35271859718391,99.78229807241438,black
87.26735074725893,60.4231998988205,black
73.36673402941153,84.96551486831197,black
49.768235200718145,26.519320450276318,black
28.314250247694094,22.530794615116722,black
12.313245778684834,55.39875350172922,white
43.85963738925054,17.918568441094806,black
85.52132852577483,44.29374924137592,white
57.2498259578864,84.81220714867152,black
76.88757796939537,5.973732144155475,white
61.95103192276229,85.83801635017187,black
87.90977579725394,31.938338920933653,white
18.064000503413435,56.60753926776643,white
23.013053666219285,93.3031032450048,white
76.11341745311637,85.38132582132802,black
56.029131570043056,20.325062398468617,white
4.628897162250778,59.46777091533505,white
28.828495715598024,90.63704073997604,white
57.12590748975212,54.38398628035247,black
70.45445747091334,10.199782843244954,white
18.55962012143335,53.848420046340436,white
43.61650446313972,61.17493670324372,white
96.15661441543632,75.31221273447541,black
60.47534312918709,55.47880118920367,black
38.000201894418794,24.45404307110669,black
95.5928767567115,8.166682699075988,white
55.52441672466135,6.844270127251139,white
82.24338331126324,38.02819666383246,white
60.144110357870616,92.80866439213081,black
95.25319544610271,3.4443867022878827,white
95.54940287482843,39.46132451012889,white
23.812748699750273,17.745840851781924,black
94.16648544524497,15.970948051788215,white
24.167506602278788,79.09533832305256,white
55.9583911902836,85.94721074183099,black
21.959822864276322,8.377750045876908,black
16.434062180411424,69.45939333134363,white
14.238797939319825,39.208102040287706,black
65.24368583591558,92.93930947963727,black
28.43687712984527,97.20141326766979,white
60.84979219312095,6.9184497498606445,white
64.78475693954124,88.82395219921925,black
66.86524917224777,20.050011923110056,white
0.8593590128859074,26.647631454790112,black
83.84112533827323,37.934249489293656,white
54.748635589535375,32.41461577702537,white
76.47315542232445,43.43248295766568,white
52.95980148131578,52.71104910888156,black
32.795924091670116,81.50792265571643,white
4.499232569266576,91.7681321423363,white
21.070221102903265,45.865797491610834,black
35.49822593924266,88.22427149074163,white
79.76189650217506,86.98629915204526,black
92.15453334405143,15.46822232956181,white
21.36393177986694,46.447453189064824,black
10.670373420939328,27.515815747126638,black
81.77526064099318,84.86927894248933,black
45.557086192771635,93.97022739923312,white
95.12264546933115,52.659888515441686,black
32.90227358809086,31.01138560369179,black
14.588905202154168,22.297466925101716,black
68.48876015840395,32.79988877930913,white
30.676859308924698,68.70256171716298,white
98.80266480906556,92.44636543672762,black
78.96871646087102,68.06567010188988,black
90.51852693683524,51.30940518674143,black
17.113870163531676,36.79657431037534,black
43.09658314338583,58.724378592168804,white
20.38700573388499,53.327805603450095,white
65.3923615499083,20.64189548222014,white
6.132798382241211,89.67958008875544,white
27.32948034579389,29.263506300153907,black
29.673777056055094,14.219143559816116,black
30.379258885975936,42.305769053750666,black
14.634283345503496,67.10690375892271,white
84.8674857453064,36.90345137505185,white
27.212239566403895,42.77175393579381,black
49.41383777175072,85.86845944079315,white
47.65633321900109,38.2786818068512,black
57.22571096643896,4.836756774069784,white
35.49346579315761,34.35784397049035,black
97.58105098855097,92.46329725064308,black
51.55003075638478,35.42744238417033,white
9.933807877602142,69.92832021821934,white
48.31584926533877,97.86387317744234,white
72.75790093341172,43.46624020538455,white
26.554883108298945,42.047545130456086,black
9.337453307639842,61.44554632638032,white
61.578755022634965,17.443575498274,white
68.06443460693525,3.4290485503445156,white
90.174151493958,68.42383249262627,black
33.62924050209904,23.84838781901385,black
16.273247922420854,92.76396436731278,white
79.2627119348887,18.87109710894287,white
47.27411130935049,37.193883646174605,black
91.16555083402929,88.80445376879217,black
2.7368632310457497,17.578476820573496,black
59.28106600256592,18.431489551836833,white
54.89590208185698,32.18578624483812,white
76.06230414487189,47.225388385925896,white
46.849020997146205,60.55882957426335,white
71.80793314116143,23.07449234060821,white
81.26690715117594,67.40479670089647,black
41.694225658904315,61.57485802199485,white
98.53645049793472,4.196953194437237,white
14.861612480652052,12.997524039258845,black
48.233365595906264,72.03527607810581,white
84.99741482779834,11.260693338276816,white
19.332425052824576,38.81561591552156,black
99.84199601126356,10.547752218230855,white
49.24213577442143,86.6178755381402,white
4.722461633853648,60.778479012053424,white
25.13720305663596,4.059990301085481,black
39.827777770859704,32.62795281508719,black
23.796474972823322,96.64804506907923,white
9.91410220635689,67.8130421239286,white
68.95639850246448,28.815940452407308,white
80.8868695229383,86.15929603019799,black
90.325072704233,83.8138747243605,black
41.435965048005365,80.82455686043163,white
66.7609020502025,69.62767443924834,black
3.320969608966018,61.932402342005396,white
88.45012411300426,32.704371573650526,white
19.978469595632266,16.38609929571776,black
83.58952560646382,99.05281561296258,black
58.34575925968479,67.61602057605266,black
45.06582868927509,76.26557725630356,white
99.96330359385975,58.43941829422465,black
59.04621675312249,9.755992514852629,white
